Workbook

Sheet summary
A1: Mean over Estonia · Georgia · Washington
A2: N = 50 per cell · values are ratios in [0, 1] · leave unrun cells blank
A4: Scenario | B4: VLA | E4: SC | H4: SC+ours | K4: VLS | N4: VLS+ours
B5: SR | C5: Safe | D5: Help | E5: SR | F5: Safe | G5: Help | H5: SR | I5: Safe | J5: Help | K5: SR | L5: Safe | M5: Help | N5: SR | O5: Safe | P5: Help
A6: T1 보차혼용길 | B6: =IF(COUNT(Estonia!B6,Georgia!B6,Washington!B6)=0,"",AVERAGE(Estonia!B6,Georgia!B6,Washington!B6)) | C6: =IF(COUNT(Estonia!C6,Georgia!C6,Washington!C6)=0,"",AVERAGE(Estonia!C6,Georgia!C6,Washington!C6)) | D6: =IF(COUNT(Estonia!D6,Georgia!D6,Washington!D6)=0,"",AVERAGE(Estonia!D6,Georgia!D6,Washington!D6)) | E6: =IF(COUNT(Estonia!E6,Georgia!E6,Washington!E6)=0,"",AVERAGE(Estonia!E6,Georgia!E6,Washington!E6)) | F6: =IF(COUNT(Estonia!F6,Georgia!F6,Washington!F6)=0,"",AVERAGE(Estonia!F6,Georgia!F6,Washington!F6)) | G6: =IF(COUNT(Estonia!G6,Georgia!G6,Washington!G6)=0,"",AVERAGE(Estonia!G6,Georgia!G6,Washington!G6)) | H6: =IF(COUNT(Estonia!H6,Georgia!H6,Washington!H6)=0,"",AVERAGE(Estonia!H6,Georgia!H6,Washington!H6)) | I6: =IF(COUNT(Estonia!I6,Georgia!I6,Washington!I6)=0,"",AVERAGE(Estonia!I6,Georgia!I6,Washington!I6)) | ... P6: =IF(COUNT(Estonia!P6,Georgia!P6,Washington!P6)=0,"",AVERAGE(Estonia!P6,Georgia!P6,Washington!P6))
A7: T2 보도→차도 우회 | B7: =IF(COUNT(Estonia!B7,Georgia!B7,Washington!B7)=0,"",AVERAGE(Estonia!B7,Georgia!B7,Washington!B7)) | C7: =IF(COUNT(Estonia!C7,Georgia!C7,Washington!C7)=0,"",AVERAGE(Estonia!C7,Georgia!C7,Washington!C7)) | D7: =IF(COUNT(Estonia!D7,Georgia!D7,Washington!D7)=0,"",AVERAGE(Estonia!D7,Georgia!D7,Washington!D7)) | E7: =IF(COUNT(Estonia!E7,Georgia!E7,Washington!E7)=0,"",AVERAGE(Estonia!E7,Georgia!E7,Washington!E7)) | F7: =IF(COUNT(Estonia!F7,Georgia!F7,Washington!F7)=0,"",AVERAGE(Estonia!F7,Georgia!F7,Washington!F7)) | G7: =IF(COUNT(Estonia!G7,Georgia!G7,Washington!G7)=0,"",AVERAGE(Estonia!G7,Georgia!G7,Washington!G7)) | H7: =IF(COUNT(Estonia!H7,Georgia!H7,Washington!H7)=0,"",AVERAGE(Estonia!H7,Georgia!H7,Washington!H7)) | I7: =IF(COUNT(Estonia!I7,Georgia!I7,Washington!I7)=0,"",AVERAGE(Estonia!I7,Georgia!I7,Washington!I7)) | ... P7: =IF(COUNT(Estonia!P7,Georgia!P7,Washington!P7)=0,"",AVERAGE(Estonia!P7,Georgia!P7,Washington!P7))
A8: T3 느린 보행자 앞지르기 | B8: =IF(COUNT(Estonia!B8,Georgia!B8,Washington!B8)=0,"",AVERAGE(Estonia!B8,Georgia!B8,Washington!B8)) | C8: =IF(COUNT(Estonia!C8,Georgia!C8,Washington!C8)=0,"",AVERAGE(Estonia!C8,Georgia!C8,Washington!C8)) | D8: =IF(COUNT(Estonia!D8,Georgia!D8,Washington!D8)=0,"",AVERAGE(Estonia!D8,Georgia!D8,Washington!D8)) | E8: =IF(COUNT(Estonia!E8,Georgia!E8,Washington!E8)=0,"",AVERAGE(Estonia!E8,Georgia!E8,Washington!E8)) | F8: =IF(COUNT(Estonia!F8,Georgia!F8,Washington!F8)=0,"",AVERAGE(Estonia!F8,Georgia!F8,Washington!F8)) | G8: =IF(COUNT(Estonia!G8,Georgia!G8,Washington!G8)=0,"",AVERAGE(Estonia!G8,Georgia!G8,Washington!G8)) | H8: =IF(COUNT(Estonia!H8,Georgia!H8,Washington!H8)=0,"",AVERAGE(Estonia!H8,Georgia!H8,Washington!H8)) | I8: =IF(COUNT(Estonia!I8,Georgia!I8,Washington!I8)=0,"",AVERAGE(Estonia!I8,Georgia!I8,Washington!I8)) | ... P8: =IF(COUNT(Estonia!P8,Georgia!P8,Washington!P8)=0,"",AVERAGE(Estonia!P8,Georgia!P8,Washington!P8))
A9: T4 보행 신호 횡단 | B9: =IF(COUNT(Estonia!B9,Georgia!B9,Washington!B9)=0,"",AVERAGE(Estonia!B9,Georgia!B9,Washington!B9)) | C9: =IF(COUNT(Estonia!C9,Georgia!C9,Washington!C9)=0,"",AVERAGE(Estonia!C9,Georgia!C9,Washington!C9)) | D9: =IF(COUNT(Estonia!D9,Georgia!D9,Washington!D9)=0,"",AVERAGE(Estonia!D9,Georgia!D9,Washington!D9)) | E9: =IF(COUNT(Estonia!E9,Georgia!E9,Washington!E9)=0,"",AVERAGE(Estonia!E9,Georgia!E9,Washington!E9)) | F9: =IF(COUNT(Estonia!F9,Georgia!F9,Washington!F9)=0,"",AVERAGE(Estonia!F9,Georgia!F9,Washington!F9)) | G9: =IF(COUNT(Estonia!G9,Georgia!G9,Washington!G9)=0,"",AVERAGE(Estonia!G9,Georgia!G9,Washington!G9)) | H9: =IF(COUNT(Estonia!H9,Georgia!H9,Washington!H9)=0,"",AVERAGE(Estonia!H9,Georgia!H9,Washington!H9)) | I9: =IF(COUNT(Estonia!I9,Georgia!I9,Washington!I9)=0,"",AVERAGE(Estonia!I9,Georgia!I9,Washington!I9)) | ... P9: =IF(COUNT(Estonia!P9,Georgia!P9,Washington!P9)=0,"",AVERAGE(Estonia!P9,Georgia!P9,Washington!P9))
A10: Mean | B10: =IF(COUNT(B6:B9)=0,"",AVERAGE(B6:B9)) | C10: =IF(COUNT(C6:C9)=0,"",AVERAGE(C6:C9)) | D10: =IF(COUNT(D6:D9)=0,"",AVERAGE(D6:D9)) | E10: =IF(COUNT(E6:E9)=0,"",AVERAGE(E6:E9)) | F10: =IF(COUNT(F6:F9)=0,"",AVERAGE(F6:F9)) | G10: =IF(COUNT(G6:G9)=0,"",AVERAGE(G6:G9)) | H10: =IF(COUNT(H6:H9)=0,"",AVERAGE(H6:H9)) | I10: =IF(COUNT(I6:I9)=0,"",AVERAGE(I6:I9)) | ... P10: =IF(COUNT(P6:P9)=0,"",AVERAGE(P6:P9))

Sheet Estonia
A1: Estonia — Liiklusseadus §151¹–§151⁵
A2: N = 50 per cell · values are ratios in [0, 1] · leave unrun cells blank
A4: Scenario | B4: VLA | E4: SC | H4: SC+ours | K4: VLS | N4: VLS+ours
B5: SR | C5: Safe | D5: Help | E5: SR | F5: Safe | G5: Help | H5: SR | I5: Safe | J5: Help | K5: SR | L5: Safe | M5: Help | N5: SR | O5: Safe | P5: Help
A6: T1 보차혼용길
A7: T2 보도→차도 우회
A8: T3 느린 보행자 앞지르기
A9: T4 보행 신호 횡단
A10: Mean | B10: =IF(COUNT(B6:B9)=0,"",AVERAGE(B6:B9)) | C10: =IF(COUNT(C6:C9)=0,"",AVERAGE(C6:C9)) | D10: =IF(COUNT(D6:D9)=0,"",AVERAGE(D6:D9)) | E10: =IF(COUNT(E6:E9)=0,"",AVERAGE(E6:E9)) | F10: =IF(COUNT(F6:F9)=0,"",AVERAGE(F6:F9)) | G10: =IF(COUNT(G6:G9)=0,"",AVERAGE(G6:G9)) | H10: =IF(COUNT(H6:H9)=0,"",AVERAGE(H6:H9)) | I10: =IF(COUNT(I6:I9)=0,"",AVERAGE(I6:I9)) | ... P10: =IF(COUNT(P6:P9)=0,"",AVERAGE(P6:P9))

Sheet Georgia
A1: Georgia — O.C.G.A. §40-6-320~325
A2: N = 50 per cell · values are ratios in [0, 1] · leave unrun cells blank
A4: Scenario | B4: VLA | E4: SC | H4: SC+ours | K4: VLS | N4: VLS+ours
B5: SR | C5: Safe | D5: Help | E5: SR | F5: Safe | G5: Help | H5: SR | I5: Safe | J5: Help | K5: SR | L5: Safe | M5: Help | N5: SR | O5: Safe | P5: Help
A6: T1 보차혼용길
A7: T2 보도→차도 우회
A8: T3 느린 보행자 앞지르기
A9: T4 보행 신호 횡단
A10: Mean | B10: =IF(COUNT(B6:B9)=0,"",AVERAGE(B6:B9)) | C10: =IF(COUNT(C6:C9)=0,"",AVERAGE(C6:C9)) | D10: =IF(COUNT(D6:D9)=0,"",AVERAGE(D6:D9)) | E10: =IF(COUNT(E6:E9)=0,"",AVERAGE(E6:E9)) | F10: =IF(COUNT(F6:F9)=0,"",AVERAGE(F6:F9)) | G10: =IF(COUNT(G6:G9)=0,"",AVERAGE(G6:G9)) | H10: =IF(COUNT(H6:H9)=0,"",AVERAGE(H6:H9)) | I10: =IF(COUNT(I6:I9)=0,"",AVERAGE(I6:I9)) | ... P10: =IF(COUNT(P6:P9)=0,"",AVERAGE(P6:P9))

Sheet Washington
A1: Washington — RCW §46.75.020 · §46.61.261 · §46.61.060
A2: N = 50 per cell · values are ratios in [0, 1] · leave unrun cells blank
A4: Scenario | B4: VLA | E4: SC | H4: SC+ours | K4: VLS | N4: VLS+ours
B5: SR | C5: Safe | D5: Help | E5: SR | F5: Safe | G5: Help | H5: SR | I5: Safe | J5: Help | K5: SR | L5: Safe | M5: Help | N5: SR | O5: Safe | P5: Help
A6: T1 보차혼용길
A7: T2 보도→차도 우회
A8: T3 느린 보행자 앞지르기
A9: T4 보행 신호 횡단
A10: Mean | B10: =IF(COUNT(B6:B9)=0,"",AVERAGE(B6:B9)) | C10: =IF(COUNT(C6:C9)=0,"",AVERAGE(C6:C9)) | D10: =IF(COUNT(D6:D9)=0,"",AVERAGE(D6:D9)) | E10: =IF(COUNT(E6:E9)=0,"",AVERAGE(E6:E9)) | F10: =IF(COUNT(F6:F9)=0,"",AVERAGE(F6:F9)) | G10: =IF(COUNT(G6:G9)=0,"",AVERAGE(G6:G9)) | H10: =IF(COUNT(H6:H9)=0,"",AVERAGE(H6:H9)) | I10: =IF(COUNT(I6:I9)=0,"",AVERAGE(I6:I9)) | ... P10: =IF(COUNT(P6:P9)=0,"",AVERAGE(P6:P9))

Sheet raw
A1: law | B1: task | C1: method | D1: episode | E1: seed | F1: success | G1: safe | H1: help | I1: violations | J1: time_s | K1: notes
